{"cameraMode":{"drawMode":0,"name":"Shaded","section":"Shading Mode"},"sceneLighting":true,"audioPlay":false,"sceneViewState":{"showFog":true,"showMaterialUpdate":true,"showSkybox":true,"showFlares":true,"showImageEffects":true,"showParticleSystems":true,"showVisualEffectGraphs":true,"m_FxEnabled":true},"in2DMode":false,"pivot":{"x":0.21828019618988038,"y":-0.1351221799850464,"z":3.0376009941101076},"rotation":{"x":-0.12733764946460725,"y":0.043722838163375857,"z":-0.00561904814094305,"w":-0.9908791780471802},"size":3.113086462020874,"orthographic":false}